{"cameraMode":{"drawMode":0,"name":"Shaded","section":"Shading Mode"},"sceneLighting":false,"audioPlay":false,"sceneViewState":{"m_AlwaysRefresh":false,"showFog":true,"showSkybox":false,"showFlares":true,"showImageEffects":true,"showParticleSystems":true,"showVisualEffectGraphs":true,"m_FxEnabled":true},"in2DMode":false,"pivot":{"x":2.171247959136963,"y":2.3478498458862306,"z":9.367372512817383},"rotation":{"x":-0.007445547264069319,"y":0.8736691474914551,"z":-0.013376506045460701,"w":-0.48628851771354678},"size":0.6686720252037048,"orthographic":false}